File,IsSigned,Evidence,SignedBy,SignerEmail,Error
AWS Support (Basic) Sign-Up Confirmation.eml,FALSE,,,,
Bring your data everywhere you go.eml,FALSE,,,,
Get data insights sent straight to your inbox.eml,FALSE,,,,
Get started with Microsoft Fabric.eml,FALSE,,,,
Manage metrics from a single dashboard in Power BI.eml,FALSE,,,,
Rethink your IT model and increase innovation.eml,FALSE,,,,
Test CC and BCC.eml,FALSE,,,,
Test Gmail - with Attachments.eml,FALSE,,,,
Test Signed Emails.eml,TRUE,application/(x-)pkcs7-signature part,AMEZQUITA IBARRA.JESUS.1645514331,jesus.amezquitaibarra.ctr@dla.mil,
Updates to our terms of use.eml,FALSE,,,,
