{
  "DisplayName": "Signature Filter",
  "Tooltip": null,
  "HelpLink": null,
  "Color": null,
  "OriginalIconFileName": null,
  "Arguments": [
    {
      "Name": "in_ScriptPath",
      "DisplayName": "in_ScriptPath",
      "Category": null,
      "Tooltip": null,
      "Placeholder": "C:\\Users\\jesusamezquita\\Documents\\POCs\\Check_Signed_EMLs\\CheckEMLSignature.vbs",
      "Widget": null,
      "IsRequired": false,
      "IsPrincipal": true,
      "ArgumentType": 0,
      "DataSourceItems": null
    },
    {
      "Name": "in_InputFolder",
      "DisplayName": "in_InputFolder",
      "Category": null,
      "Tooltip": null,
      "Placeholder": "C:\\Users\\jesusamezquita\\Documents\\POCs\\eml2pdf\\Input_eml",
      "Widget": null,
      "IsRequired": false,
      "IsPrincipal": true,
      "ArgumentType": 0,
      "DataSourceItems": null
    }
  ]
}