{
  "Workflows": [
    {
      "Path": "EML to PDF.xaml",
      "SortBy": 0,
      "VariablesSectionElementsOrder": [
        "psScript&Sequence_1",
        "psLines&Sequence_1"
      ],
      "ArgumentsSectionElementsOrder": null,
      "ConstantsSectionElementsOrder": null,
      "AddedNamespaces": null
    },
    {
      "Path": null,
      "SortBy": 0,
      "VariablesSectionElementsOrder": null,
      "ArgumentsSectionElementsOrder": null,
      "ConstantsSectionElementsOrder": null,
      "AddedNamespaces": null
    },
    {
      "Path": "Signature Filter.xaml",
      "SortBy": 0,
      "VariablesSectionElementsOrder": [
        "line&Sequence_2",
        "psRaw&Sequence_2",
        "csvPath&Sequence_1",
        "cmdText&Sequence_1",
        "cmdTextRaw&Sequence_1",
        "inputFilesPath&Sequence_1"
      ],
      "ArgumentsSectionElementsOrder": null,
      "ConstantsSectionElementsOrder": null,
      "AddedNamespaces": null
    }
  ]
}